# Sim_Rocket (Up to date),
# 2840 data points written for 2 variables.,
#,
# Time (s),Altitude (ft)
# Event LAUNCH occurred at t=0 seconds,
# Event IGNITION occurred at t=0 seconds,
0,0
0.01,0.0012943
0.02,0.01098
0.03,0.040664
# Event LIFTOFF occurred at t=0.04 seconds,
0.04,0.10035
0.05,0.19602
0.06,0.32823
0.07,0.49572
0.08,0.69892
0.09,0.93828
0.1,1.2138
0.11,1.5252
0.11996,1.871
0.12895,2.2136
0.13721,2.554
0.1449,2.8928
0.15211,3.2303
# Event LAUNCHROD occurred at t=0.15893 seconds,
0.15893,3.5669
0.16916,4.1037
0.18451,4.9814
0.20752,6.4619
0.24205,9.0543
0.29205,13.607
0.34205,19.117
0.39205,25.596
0.44205,33.058
0.49205,41.511
0.54205,50.954
0.59205,61.387
0.64205,72.811
0.69205,85.229
0.74205,98.638
0.79205,113.04
0.84205,128.43
0.89205,144.82
0.94205,162.19
0.99205,180.55
1.042,199.9
1.092,220.24
1.142,241.56
1.192,263.86
1.242,287.13
1.292,311.37
1.342,336.58
1.392,362.75
1.442,389.88
1.492,417.95
1.542,446.96
1.592,476.91
1.642,507.78
1.692,539.56
1.742,572.24
1.792,605.78
1.842,640.18
1.892,675.41
1.942,711.44
1.992,748.26
2.042,785.85
2.092,824.18
2.142,863.24
2.192,902.99
2.242,943.42
2.292,984.51
2.342,1026.2
2.392,1068.6
2.442,1111.5
2.492,1155
2.542,1199.1
2.592,1243.6
2.642,1288.7
2.692,1334.3
2.742,1380.3
2.792,1426.7
2.842,1473.6
2.892,1520.8
2.942,1568.4
2.992,1616.4
3.042,1664.7
3.092,1713.3
3.142,1762.1
3.192,1811.2
3.242,1860.6
3.292,1910.1
3.342,1959.6
3.392,2009.1
3.442,2058.5
3.492,2107.7
3.542,2156.7
3.592,2205.5
3.642,2254
3.692,2302.2
3.742,2350.1
3.792,2397.7
3.842,2444.9
3.892,2491.8
3.942,2538.3
3.992,2584.4
# Event BURNOUT occurred at t=4.042 seconds,
4.042,2630.1
4.092,2675.4
4.142,2720.3
4.192,2764.8
4.242,2809
4.292,2852.7
4.342,2896.1
4.392,2939.2
4.442,2981.9
4.492,3024.2
4.542,3066.2
4.592,3107.9
4.642,3149.2
4.692,3190.2
4.742,3230.8
4.792,3271.2
4.842,3311.2
4.892,3350.9
4.942,3390.3
4.992,3429.4
5.042,3468.3
5.092,3506.8
5.142,3545
5.192,3582.9
5.242,3620.5
5.292,3657.9
5.342,3695
5.392,3731.8
5.442,3768.3
5.492,3804.6
5.542,3840.6
5.592,3876.4
5.642,3911.9
5.692,3947.1
5.742,3982.1
5.792,4016.8
5.842,4051.3
5.892,4085.5
5.942,4119.5
5.992,4153.3
6.042,4186.8
6.092,4220.1
6.142,4253.1
6.192,4286
6.242,4318.6
6.292,4350.9
6.342,4383.1
6.392,4415
6.442,4446.7
6.492,4478.2
6.542,4509.5
6.592,4540.6
6.642,4571.5
6.692,4602.1
6.742,4632.6
6.792,4662.8
6.842,4692.9
6.892,4722.7
6.942,4752.4
6.992,4781.8
7.042,4811.1
7.092,4840.1
7.142,4869
7.192,4897.7
7.242,4926.2
7.292,4954.5
7.342,4982.6
7.392,5010.6
7.442,5038.3
7.492,5065.9
7.542,5093.3
7.592,5120.5
7.642,5147.5
7.692,5174.4
7.742,5201.1
7.792,5227.6
7.842,5254
7.892,5280.2
7.942,5306.2
7.992,5332
8.042,5357.7
8.092,5383.2
8.142,5408.6
8.192,5433.8
8.242,5458.8
8.292,5483.7
8.342,5508.4
8.392,5532.9
8.442,5557.3
8.492,5581.6
8.542,5605.7
8.592,5629.6
8.642,5653.4
8.692,5677
8.742,5700.5
8.792,5723.8
8.842,5747
8.892,5770
8.942,5792.9
8.992,5815.6
9.042,5838.2
9.092,5860.7
9.142,5883
9.192,5905.2
9.242,5927.2
9.292,5949.1
9.342,5970.8
9.392,5992.4
9.442,6013.9
9.492,6035.2
9.542,6056.4
9.592,6077.5
9.642,6098.4
9.692,6119.2
9.742,6139.8
9.792,6160.4
9.842,6180.8
9.892,6201
9.942,6221.1
9.992,6241.1
10.042,6261
10.092,6280.8
10.142,6300.4
10.192,6319.9
10.242,6339.2
10.292,6358.4
10.342,6377.6
10.392,6396.5
10.442,6415.4
10.492,6434.1
10.542,6452.8
10.592,6471.2
10.642,6489.6
10.692,6507.9
10.742,6526
10.792,6544
10.842,6561.9
10.892,6579.7
10.942,6597.3
10.992,6614.9
11.042,6632.3
11.092,6649.6
11.142,6666.8
11.192,6683.8
11.242,6700.8
11.292,6717.6
11.342,6734.3
11.392,6751
11.442,6767.5
11.492,6783.8
11.542,6800.1
11.592,6816.3
11.642,6832.3
11.692,6848.3
11.742,6864.1
11.792,6879.8
11.842,6895.4
11.892,6910.9
11.942,6926.3
11.992,6941.6
12.042,6956.8
12.092,6971.8
12.142,6986.8
12.192,7001.7
12.242,7016.4
12.292,7031.1
12.342,7045.6
12.392,7060
12.442,7074.4
12.492,7088.6
12.542,7102.7
12.592,7116.7
12.642,7130.6
12.692,7144.4
12.742,7158.1
12.792,7171.7
12.842,7185.2
12.892,7198.6
12.942,7211.9
12.992,7225.1
13.042,7238.2
13.092,7251.2
13.142,7264.1
13.192,7276.9
13.242,7289.6
13.292,7302.2
13.342,7314.7
13.392,7327.1
13.442,7339.4
13.492,7351.6
13.542,7363.8
13.592,7375.8
13.642,7387.7
13.692,7399.5
13.742,7411.2
13.792,7422.9
13.842,7434.4
13.892,7445.8
13.942,7457.2
13.992,7468.4
14.042,7479.6
14.092,7490.6
14.142,7501.6
14.192,7512.4
14.242,7523.2
14.292,7533.9
14.342,7544.5
14.392,7555
14.442,7565.4
14.492,7575.7
14.542,7585.9
14.592,7596
14.642,7606
14.692,7616
14.742,7625.8
14.792,7635.6
14.842,7645.2
14.892,7654.8
14.942,7664.3
14.992,7673.7
15.042,7683
15.092,7692.2
15.142,7701.3
15.192,7710.4
15.242,7719.3
15.292,7728.2
15.342,7736.9
15.392,7745.6
15.442,7754.2
15.492,7762.7
15.542,7771.1
15.592,7779.4
15.642,7787.6
15.692,7795.8
15.742,7803.8
15.792,7811.8
15.842,7819.7
15.892,7827.5
15.942,7835.2
15.992,7842.8
16.042,7850.4
16.092,7857.8
16.142,7865.2
16.192,7872.4
16.242,7879.6
16.292,7886.7
16.342,7893.7
16.392,7900.7
16.442,7907.5
16.492,7914.3
16.542,7921
16.592,7927.5
16.642,7934
16.692,7940.5
16.742,7946.8
16.792,7953
16.842,7959.2
16.892,7965.3
16.942,7971.3
16.992,7977.2
17.042,7983
17.092,7988.8
17.142,7994.4
17.192,8.00E+03
17.242,8005.5
17.292,8010.9
17.342,8016.2
17.392,8021.5
17.442,8026.6
17.492,8031.7
17.542,8036.7
17.592,8041.6
17.642,8046.4
17.692,8051.2
17.742,8055.8
17.792,8060.4
17.842,8064.9
17.892,8069.3
17.942,8073.6
17.992,8077.9
18.042,8082
18.092,8086.1
18.142,8090.1
18.192,8094
18.242,8097.9
18.292,8101.6
18.342,8105.3
18.392,8108.9
18.442,8112.4
18.492,8115.8
18.542,8119.2
18.592,8122.4
18.642,8125.6
18.692,8128.7
18.742,8131.8
18.792,8134.7
18.842,8137.5
18.892,8140.3
18.942,8143
18.992,8145.6
19.042,8148.2
19.092,8150.6
19.142,8153
19.192,8155.3
19.242,8157.5
19.292,8159.6
19.342,8161.7
19.392,8163.6
19.442,8165.5
19.492,8167.3
19.542,8169.1
19.592,8170.7
19.642,8172.3
19.692,8173.8
19.742,8175.2
19.792,8176.5
19.842,8177.7
19.892,8178.9
19.942,8180
19.992,8181
20.042,8181.9
20.092,8182.7
20.142,8183.5
20.192,8184.2
20.242,8184.8
20.292,8185.3
20.342,8185.7
20.392,8186.1
20.442,8186.4
20.492,8186.6
20.542,8186.7
20.592,8186.7
# Event APOGEE occurred at t=20.642 seconds,
20.642,8186.7
20.692,8186.6
20.742,8186.4
20.792,8186.1
20.842,8185.7
20.892,8185.3
20.942,8184.8
20.992,8184.2
21.042,8183.5
21.092,8182.7
21.142,8181.9
21.192,8181
21.242,8179.9
21.292,8178.9
21.342,8177.7
21.392,8176.5
21.442,8175.1
21.492,8173.7
21.542,8172.3
21.592,8170.7
21.642,8169
21.692,8167.3
21.742,8165.5
21.792,8163.6
21.842,8161.7
21.892,8159.6
21.942,8157.5
21.992,8155.3
22.042,8153.1
22.092,8150.7
22.142,8148.3
22.192,8145.8
22.242,8143.2
22.292,8140.5
22.342,8137.7
22.392,8134.9
22.442,8132
22.492,8129
22.542,8126
22.592,8122.8
22.642,8119.6
22.692,8116.3
22.742,8113
22.792,8109.5
22.842,8106
22.892,8102.4
22.942,8098.7
22.992,8095
23.042,8091.2
23.092,8087.3
23.142,8083.3
23.192,8079.3
23.242,8075.2
23.292,8071
23.342,8066.7
23.392,8062.4
23.442,8058
23.492,8053.5
23.542,8049
23.592,8044.4
23.642,8039.7
23.692,8034.9
23.742,8030.1
23.792,8025.2
23.842,8020.3
23.892,8015.3
23.942,8010.2
23.992,8005.1
24.042,7999.9
24.092,7994.7
24.142,7989.4
24.192,7984
24.242,7978.6
24.292,7973.2
24.342,7967.7
24.392,7962.1
24.442,7956.5
24.492,7950.8
24.542,7945.1
24.592,7939.3
24.642,7933.5
24.692,7927.7
24.742,7921.8
24.792,7915.9
24.842,7909.9
24.892,7903.9
24.942,7897.9
24.992,7891.8
25.042,7885.6
25.092,7879.5
25.142,7873.3
25.192,7867
25.242,7860.8
25.292,7854.5
25.342,7848.1
25.392,7841.7
25.442,7835.3
25.492,7828.9
25.542,7822.4
25.592,7815.9
25.642,7809.4
25.692,7802.8
25.742,7796.2
25.792,7789.6
25.842,7782.9
25.892,7776.2
25.942,7769.4
25.992,7762.7
26.042,7755.9
26.092,7749
26.142,7742.2
26.192,7735.3
26.242,7728.4
26.292,7721.4
26.342,7714.4
26.392,7707.4
26.442,7700.4
26.492,7693.3
26.542,7686.3
26.592,7679.2
26.642,7672
26.692,7664.9
26.742,7657.8
26.792,7650.6
26.842,7643.4
26.892,7636.2
26.942,7629
26.992,7621.7
27.042,7614.5
27.092,7607.3
27.142,7600
27.192,7592.8
27.242,7585.5
27.292,7578.3
27.342,7571
27.392,7563.8
27.442,7556.6
27.492,7549.3
27.542,7542.1
27.592,7534.9
27.642,7527.7
27.692,7520.5
27.742,7513.3
27.792,7506.1
27.842,7499
27.892,7491.8
27.942,7484.7
27.992,7477.6
28.042,7470.4
28.092,7463.3
28.142,7456.3
28.192,7449.2
28.242,7442.1
28.292,7435.1
28.342,7428
28.392,7421
28.442,7414
28.492,7407
28.542,7400
28.592,7393.1
28.642,7386.1
28.692,7379.2
28.742,7372.3
28.792,7365.4
28.842,7358.5
28.892,7351.7
28.942,7344.9
28.992,7338
29.042,7331.2
29.092,7324.5
29.142,7317.7
29.192,7311
29.242,7304.3
29.292,7297.6
29.342,7291
29.392,7284.3
29.442,7277.7
29.492,7271.1
29.542,7264.6
29.592,7258.1
29.642,7251.6
29.692,7245.1
29.742,7238.7
29.792,7232.3
29.842,7225.9
29.892,7219.6
29.942,7213.3
29.992,7207
30.042,7200.8
30.092,7194.6
30.142,7188.4
30.192,7182.3
30.242,7176.2
30.292,7170.1
30.342,7164.1
30.392,7158.1
30.442,7152.2
30.492,7146.2
30.542,7140.3
30.592,7134.5
30.642,7128.7
30.692,7122.9
30.742,7117.1
30.792,7111.4
30.842,7105.7
30.892,7100.1
30.942,7094.4
30.992,7088.9
31.042,7083.3
31.092,7077.8
31.142,7072.3
31.192,7066.9
31.242,7061.5
31.292,7056.1
31.342,7050.7
31.392,7045.4
31.442,7040.2
31.492,7034.9
31.542,7029.7
31.592,7024.5
31.642,7019.4
31.692,7014.3
31.742,7009.2
31.792,7004.1
31.842,6999.1
31.892,6994.1
31.942,6989.1
31.992,6984.2
32.042,6979.3
32.092,6974.4
32.142,6969.6
32.192,6964.8
32.242,6960
32.292,6955.2
32.342,6950.5
32.392,6945.8
32.442,6941.2
32.492,6936.5
32.542,6931.9
32.592,6927.4
32.642,6922.8
32.692,6918.3
32.742,6913.9
32.792,6909.4
32.842,6905
32.892,6900.6
32.942,6896.3
32.992,6892
33.042,6887.7
33.092,6883.4
33.142,6879.2
33.192,6875
33.242,6870.8
33.292,6866.7
33.342,6862.6
33.392,6858.5
33.442,6854.4
33.492,6850.4
33.542,6846.4
33.592,6842.4
33.642,6838.4
33.692,6834.5
33.742,6830.6
33.792,6826.7
33.842,6822.8
33.892,6819
33.942,6815.2
33.992,6811.4
34.042,6807.6
34.092,6803.9
34.142,6800.1
34.192,6796.4
34.242,6792.7
34.292,6789.1
34.342,6785.4
34.392,6781.8
34.442,6778.2
34.492,6774.6
34.542,6771.1
34.592,6767.5
34.642,6764
34.692,6760.5
34.742,6757
34.792,6753.6
34.842,6750.2
34.892,6746.7
34.942,6743.3
34.992,6740
35.042,6736.6
35.092,6733.3
35.142,6729.9
35.192,6726.6
35.242,6723.4
35.292,6720.1
35.342,6716.9
35.392,6713.6
35.442,6710.4
35.492,6707.2
35.542,6704.1
35.592,6700.9
35.642,6697.8
35.692,6694.6
35.742,6691.5
35.792,6688.4
35.842,6685.3
35.892,6682.3
35.942,6679.2
35.992,6676.1
36.042,6673.1
36.092,6670.1
36.142,6667.1
36.192,6664.1
36.242,6661.1
36.292,6658.1
36.342,6655.1
36.392,6652.2
36.442,6649.2
36.492,6646.3
36.542,6643.4
36.592,6640.4
36.642,6637.5
36.692,6634.6
36.742,6631.7
36.792,6628.8
36.842,6625.9
36.892,6623.1
36.942,6620.2
36.992,6617.3
37.042,6614.5
37.092,6611.6
37.142,6608.8
37.192,6605.9
37.242,6603.1
37.292,6600.3
37.342,6597.4
37.392,6594.6
37.442,6591.8
37.492,6589
37.542,6586.2
37.592,6583.4
37.642,6580.6
37.692,6577.8
37.742,6575
37.792,6572.2
37.842,6569.5
37.892,6566.7
37.942,6563.9
37.992,6561.1
38.042,6558.3
38.092,6555.6
38.142,6552.8
38.192,6550
38.242,6547.3
38.292,6544.5
38.342,6541.7
38.392,6539
38.442,6536.2
38.492,6533.5
38.542,6530.7
38.592,6527.9
38.642,6525.2
38.692,6522.4
38.742,6519.6
38.792,6516.9
38.842,6514.1
38.892,6511.4
38.942,6508.6
38.992,6505.8
39.042,6503
39.092,6500.3
39.142,6497.5
39.192,6494.7
39.242,6492
39.292,6489.2
39.342,6486.4
39.392,6483.6
39.442,6480.8
39.492,6478
39.542,6475.2
39.592,6472.5
39.642,6469.7
39.692,6466.9
39.742,6464.1
39.792,6461.3
39.842,6458.5
39.892,6455.7
39.942,6452.8
39.992,6450
40.042,6447.2
40.092,6444.4
40.142,6441.6
40.192,6438.7
40.242,6435.9
40.292,6433.1
40.342,6430.2
40.392,6427.4
40.442,6424.6
40.492,6421.7
40.542,6418.9
40.592,6416
40.642,6413.1
40.692,6410.3
40.742,6407.4
40.792,6404.6
40.842,6401.7
40.892,6398.8
40.942,6395.9
40.992,6393
41.042,6390.2
41.092,6387.3
41.142,6384.4
41.192,6381.5
41.242,6378.6
41.292,6375.7
41.342,6372.8
41.392,6369.9
41.442,6366.9
41.492,6364
41.542,6361.1
41.592,6358.2
41.642,6355.3
41.692,6352.3
41.742,6349.4
41.792,6346.4
41.842,6343.5
41.892,6340.5
41.942,6337.6
41.992,6334.6
42.042,6331.7
42.092,6328.7
42.142,6325.7
42.192,6322.8
42.242,6319.8
42.292,6316.8
42.342,6313.8
42.392,6310.8
42.442,6307.8
42.492,6304.8
42.542,6301.8
42.592,6298.8
42.642,6295.8
42.692,6292.8
42.742,6289.7
42.792,6286.7
42.842,6283.7
42.892,6280.6
42.942,6277.6
42.992,6274.5
43.042,6271.5
43.092,6268.4
43.142,6265.4
43.192,6262.3
43.242,6259.2
43.292,6256.1
43.342,6253
43.392,6249.9
43.442,6246.8
43.492,6243.7
43.542,6240.6
43.592,6237.5
43.642,6234.4
43.692,6231.3
43.742,6228.1
43.792,6225
43.842,6221.8
43.892,6218.7
43.942,6215.5
43.992,6212.4
44.042,6209.2
44.092,6206
44.142,6202.8
44.192,6199.7
44.242,6196.5
44.292,6193.3
44.342,6190.1
44.392,6186.9
44.442,6183.7
44.492,6180.5
44.542,6177.2
44.592,6174
44.642,6170.8
44.692,6167.5
44.742,6164.3
44.792,6161.1
44.842,6157.8
44.892,6154.6
44.942,6151.3
44.992,6148.1
45.042,6144.8
45.092,6141.5
45.142,6138.3
45.192,6135
45.242,6131.7
45.292,6128.4
45.342,6125.1
45.392,6121.9
45.442,6118.6
45.492,6115.3
45.542,6112
45.592,6108.7
45.642,6105.4
45.692,6102
45.742,6098.7
45.792,6095.4
45.842,6092.1
45.892,6088.8
45.942,6085.4
45.992,6082.1
46.042,6078.8
46.092,6075.4
46.142,6072.1
46.192,6068.7
46.242,6065.4
46.292,6062
46.342,6058.6
46.392,6055.3
46.442,6051.9
46.492,6048.5
46.542,6045.2
46.592,6041.8
46.642,6038.4
46.692,6035
46.742,6031.7
46.792,6028.3
46.842,6024.9
46.892,6021.5
46.942,6018.1
46.992,6014.7
47.042,6011.3
47.092,6007.9
47.142,6004.5
47.192,6001.1
47.242,5997.7
47.292,5994.3
47.342,5990.9
47.392,5987.5
47.442,5984.1
47.492,5980.7
47.542,5977.2
47.592,5973.8
47.642,5970.4
47.692,5967
47.742,5963.6
47.792,5960.2
47.842,5956.8
47.892,5953.3
47.942,5949.9
47.992,5946.5
48.042,5943.1
48.092,5939.7
48.142,5936.2
48.192,5932.8
48.242,5929.4
48.292,5925.9
48.342,5922.5
48.392,5919.1
48.442,5915.6
48.492,5912.2
48.542,5908.8
48.592,5905.3
48.642,5901.9
48.692,5898.4
48.742,5895
48.792,5891.5
48.842,5888.1
48.892,5884.6
48.942,5881.2
48.992,5877.7
49.042,5874.2
49.092,5870.8
49.142,5867.3
49.192,5863.8
49.242,5860.4
49.292,5856.9
49.342,5853.5
49.392,5850
49.442,5846.5
49.492,5843.1
49.542,5839.6
49.592,5836.1
49.642,5832.7
49.692,5829.2
49.742,5825.8
49.792,5822.3
49.842,5818.8
49.892,5815.4
49.942,5811.9
49.992,5808.5
50.042,5805
50.092,5801.5
50.142,5798.1
50.192,5794.6
50.242,5791.2
50.292,5787.7
50.342,5784.3
50.392,5780.8
50.442,5777.4
50.492,5774
50.542,5770.5
50.592,5767.1
50.642,5763.6
50.692,5760.2
50.742,5756.8
50.792,5753.3
50.842,5749.9
50.892,5746.5
50.942,5743
50.992,5739.6
51.042,5736.2
51.092,5732.8
51.142,5729.4
51.192,5725.9
51.242,5722.5
51.292,5719.1
51.342,5715.7
51.392,5712.3
51.442,5708.9
51.492,5705.5
51.542,5702.1
51.592,5698.7
51.642,5695.3
51.692,5691.9
51.742,5688.5
51.792,5685.1
51.842,5681.7
51.892,5678.3
51.942,5674.9
51.992,5671.5
52.042,5668.1
52.092,5664.7
52.142,5661.3
52.192,5657.9
52.242,5654.5
52.292,5651.1
52.342,5647.7
52.392,5644.3
52.442,5640.9
52.492,5637.5
52.542,5634.1
52.592,5630.7
52.642,5627.3
52.692,5623.9
52.742,5620.6
52.792,5617.2
52.842,5613.8
52.892,5610.4
52.942,5607
52.992,5603.6
53.042,5600.2
53.092,5596.8
53.142,5593.4
53.192,5590
53.242,5586.7
53.292,5583.3
53.342,5579.9
53.392,5576.5
53.442,5573.1
53.492,5569.7
53.542,5566.4
53.592,5563
53.642,5559.6
53.692,5556.2
53.742,5552.9
53.792,5549.5
53.842,5546.1
53.892,5542.8
53.942,5539.4
53.992,5536
54.042,5532.7
54.092,5529.3
54.142,5525.9
54.192,5522.6
54.242,5519.2
54.292,5515.8
54.342,5512.5
54.392,5509.1
54.442,5505.8
54.492,5502.4
54.542,5499
54.592,5495.7
54.642,5492.3
54.692,5489
54.742,5485.6
54.792,5482.3
54.842,5478.9
54.892,5475.6
54.942,5472.2
54.992,5468.9
55.042,5465.5
55.092,5462.2
55.142,5458.9
55.192,5455.5
55.242,5452.2
55.292,5448.9
55.342,5445.5
55.392,5442.2
55.442,5438.9
55.492,5435.5
55.542,5432.2
55.592,5428.9
55.642,5425.5
55.692,5422.2
55.742,5418.9
55.792,5415.5
55.842,5412.2
55.892,5408.9
55.942,5405.6
55.992,5402.2
56.042,5398.9
56.092,5395.6
56.142,5392.3
56.192,5388.9
56.242,5385.6
56.292,5382.3
56.342,5379
56.392,5375.6
56.442,5372.3
56.492,5369
56.542,5365.7
56.592,5362.3
56.642,5359
56.692,5355.7
56.742,5352.4
56.792,5349.1
56.842,5345.7
56.892,5342.4
56.942,5339.1
56.992,5335.8
57.042,5332.5
57.092,5329.2
57.142,5325.9
57.192,5322.6
57.242,5319.2
57.292,5315.9
57.342,5312.6
57.392,5309.3
57.442,5306
57.492,5302.7
57.542,5299.4
57.592,5296.1
57.642,5292.8
57.692,5289.5
57.742,5286.3
57.792,5283
57.842,5279.7
57.892,5276.4
57.942,5273.1
57.992,5269.8
58.042,5266.5
58.092,5263.3
58.142,5260
58.192,5256.7
58.242,5253.4
58.292,5250.1
58.342,5246.9
58.392,5243.6
58.442,5240.3
58.492,5237
58.542,5233.8
58.592,5230.5
58.642,5227.2
58.692,5224
58.742,5220.7
58.792,5217.4
58.842,5214.2
58.892,5210.9
58.942,5207.6
58.992,5204.3
59.042,5201.1
59.092,5197.8
59.142,5194.5
59.192,5191.3
59.242,5188
59.292,5184.7
59.342,5181.5
59.392,5178.2
59.442,5174.9
59.492,5171.7
59.542,5168.4
59.592,5165.1
59.642,5161.9
59.692,5158.6
59.742,5155.3
59.792,5152.1
59.842,5148.8
59.892,5145.6
59.942,5142.3
59.992,5139
60.042,5135.8
60.092,5132.5
60.142,5129.3
60.192,5126
60.242,5122.8
60.292,5119.6
60.342,5116.3
60.392,5113.1
60.442,5109.8
60.492,5106.6
60.542,5103.4
60.592,5100.1
60.642,5096.9
60.692,5093.6
60.742,5090.4
60.792,5087.2
60.842,5083.9
60.892,5080.7
60.942,5077.5
60.992,5074.2
61.042,5071
61.092,5067.8
61.142,5064.5
61.192,5061.3
61.242,5058.1
61.292,5054.8
61.342,5051.6
61.392,5048.4
61.442,5045.1
61.492,5041.9
61.542,5038.7
61.592,5035.4
61.642,5032.2
61.692,5029
61.742,5025.7
61.792,5022.5
61.842,5019.3
61.892,5016
61.942,5012.8
61.992,5009.5
62.042,5006.3
62.092,5003.1
62.142,4999.8
62.192,4996.6
62.242,4993.3
62.292,4990.1
62.342,4986.8
62.392,4983.6
62.442,4980.3
62.492,4977.1
62.542,4973.8
62.592,4970.6
62.642,4967.3
62.692,4964
62.742,4960.8
62.792,4957.5
62.842,4954.2
62.892,4951
62.942,4947.7
62.992,4944.4
63.042,4941.1
63.092,4937.9
63.142,4934.6
63.192,4931.3
63.242,4928
63.292,4924.8
63.342,4921.5
63.392,4918.2
63.442,4914.9
63.492,4911.6
63.542,4908.3
63.592,4905.1
63.642,4901.8
63.692,4898.5
63.742,4895.2
63.792,4891.9
63.842,4888.6
63.892,4885.4
63.942,4882.1
63.992,4878.8
64.042,4875.5
64.092,4872.2
64.142,4869
64.192,4865.7
64.242,4862.4
64.292,4859.1
64.342,4855.9
64.392,4852.6
64.442,4849.3
64.492,4846.1
64.542,4842.8
64.592,4839.5
64.642,4836.2
64.692,4833
64.742,4829.7
64.792,4826.4
64.842,4823.2
64.892,4819.9
64.942,4816.6
64.992,4813.4
65.042,4810.1
65.092,4806.8
65.142,4803.6
65.192,4800.3
65.242,4797
65.292,4793.7
65.342,4790.5
65.392,4787.2
65.442,4783.9
65.492,4780.6
65.542,4777.4
65.592,4774.1
65.642,4770.8
65.692,4767.5
65.742,4764.3
65.792,4761
65.842,4757.7
65.892,4754.4
65.942,4751.2
65.992,4747.9
66.042,4744.6
66.092,4741.3
66.142,4738
66.192,4734.7
66.242,4731.5
66.292,4728.2
66.342,4724.9
66.392,4721.6
66.442,4718.4
66.492,4715.1
66.542,4711.8
66.592,4708.5
66.642,4705.3
66.692,4702
66.742,4698.7
66.792,4695.4
66.842,4692.2
66.892,4688.9
66.942,4685.6
66.992,4682.4
67.042,4679.1
67.092,4675.9
67.142,4672.6
67.192,4669.4
67.242,4666.1
67.292,4662.8
67.342,4659.6
67.392,4656.3
67.442,4653.1
67.492,4649.8
67.542,4646.6
67.592,4643.3
67.642,4640.1
67.692,4636.8
67.742,4633.6
67.792,4630.4
67.842,4627.1
67.892,4623.9
67.942,4620.6
67.992,4617.4
68.042,4614.1
68.092,4610.9
68.142,4607.6
68.192,4604.4
68.242,4601.1
68.292,4597.9
68.342,4594.6
68.392,4591.4
68.442,4588.1
68.492,4584.9
68.542,4581.6
68.592,4578.4
68.642,4575.1
68.692,4571.9
68.742,4568.6
68.792,4565.4
68.842,4562.1
68.892,4558.9
68.942,4555.6
68.992,4552.3
69.042,4549.1
69.092,4545.8
69.142,4542.6
69.192,4539.3
69.242,4536.1
69.292,4532.8
69.342,4529.6
69.392,4526.3
69.442,4523.1
69.492,4519.8
69.542,4516.5
69.592,4513.3
69.642,4510
69.692,4506.8
69.742,4503.5
69.792,4500.3
69.842,4497
69.892,4493.8
69.942,4490.5
69.992,4487.3
70.042,4484.1
70.092,4480.8
70.142,4477.6
70.192,4474.3
70.242,4471.1
70.292,4467.8
70.342,4464.6
70.392,4461.3
70.442,4458.1
70.492,4454.8
70.542,4451.6
70.592,4448.4
70.642,4445.1
70.692,4441.9
70.742,4438.6
70.792,4435.4
70.842,4432.1
70.892,4428.9
70.942,4425.6
70.992,4422.4
71.042,4419.1
71.092,4415.9
71.142,4412.6
71.192,4409.4
71.242,4406.1
71.292,4402.9
71.342,4399.6
71.392,4396.4
71.442,4393.1
71.492,4389.8
71.542,4386.6
71.592,4383.3
71.642,4380
71.692,4376.8
71.742,4373.5
71.792,4370.2
71.842,4367
71.892,4363.7
71.942,4360.4
71.992,4357.2
72.042,4353.9
72.092,4350.6
72.142,4347.3
72.192,4344.1
72.242,4340.8
72.292,4337.5
72.342,4334.2
72.392,4331
72.442,4327.7
72.492,4324.4
72.542,4321.1
72.592,4317.9
72.642,4314.6
72.692,4311.3
72.742,4308.1
72.792,4304.8
72.842,4301.6
72.892,4298.3
72.942,4295
72.992,4291.8
73.042,4288.5
73.092,4285.3
73.142,4282
73.192,4278.8
73.242,4275.5
73.292,4272.3
73.342,4269.1
73.392,4265.8
73.442,4262.6
73.492,4259.4
73.542,4256.1
73.592,4252.9
73.642,4249.7
73.692,4246.4
73.742,4243.2
73.792,4240
73.842,4236.8
73.892,4233.5
73.942,4230.3
73.992,4227.1
74.042,4223.8
74.092,4220.6
74.142,4217.4
74.192,4214.2
74.242,4210.9
74.292,4207.7
74.342,4204.5
74.392,4201.2
74.442,4198
74.492,4194.8
74.542,4191.5
74.592,4188.3
74.642,4185.1
74.692,4181.8
74.742,4178.6
74.792,4175.3
74.842,4172.1
74.892,4168.8
74.942,4165.6
74.992,4162.3
75.042,4159.1
75.092,4155.8
75.142,4152.6
75.192,4149.3
75.242,4146.1
75.292,4142.8
75.342,4139.6
75.392,4136.3
75.442,4133
75.492,4129.8
75.542,4126.5
75.592,4123.2
75.642,4120
75.692,4116.7
75.742,4113.4
75.792,4110.2
75.842,4106.9
75.892,4103.7
75.942,4100.4
75.992,4097.1
76.042,4093.9
76.092,4090.6
76.142,4087.4
76.192,4084.1
76.242,4080.8
76.292,4077.6
76.342,4074.3
76.392,4071.1
76.442,4067.8
76.492,4064.5
76.542,4061.3
76.592,4058
76.642,4054.8
76.692,4051.5
76.742,4048.3
76.792,4045
76.842,4041.8
76.892,4038.5
76.942,4035.3
76.992,4032
77.042,4028.7
77.092,4025.5
77.142,4022.2
77.192,4019
77.242,4015.7
77.292,4012.5
77.342,4009.2
77.392,4005.9
77.442,4002.7
77.492,3999.4
77.542,3996.2
77.592,3992.9
77.642,3989.7
77.692,3986.4
77.742,3983.2
77.792,3979.9
77.842,3976.6
77.892,3973.4
77.942,3970.1
77.992,3966.9
78.042,3963.6
78.092,3960.4
78.142,3957.2
78.192,3953.9
78.242,3950.7
78.292,3947.4
78.342,3944.2
78.392,3940.9
78.442,3937.7
78.492,3934.5
78.542,3931.2
78.592,3928
78.642,3924.8
78.692,3921.5
78.742,3918.3
78.792,3915.1
78.842,3911.8
78.892,3908.6
78.942,3905.4
78.992,3902.2
79.042,3898.9
79.092,3895.7
79.142,3892.5
79.192,3889.3
79.242,3886
79.292,3882.8
79.342,3879.6
79.392,3876.4
79.442,3873.2
79.492,3869.9
79.542,3866.7
79.592,3863.5
79.642,3860.3
79.692,3857.1
79.742,3853.8
79.792,3850.6
79.842,3847.4
79.892,3844.2
79.942,3841
79.992,3837.8
80.042,3834.6
80.092,3831.4
80.142,3828.1
80.192,3824.9
80.242,3821.7
80.292,3818.5
80.342,3815.3
80.392,3812.1
80.442,3808.9
80.492,3805.7
80.542,3802.5
80.592,3799.3
80.642,3796.1
80.692,3792.8
80.742,3789.6
80.792,3786.4
80.842,3783.2
80.892,3780
80.942,3776.8
80.992,3773.6
81.042,3770.4
81.092,3767.2
81.142,3764
81.192,3760.8
81.242,3757.6
81.292,3754.4
81.342,3751.2
81.392,3748
81.442,3744.8
81.492,3741.6
81.542,3738.4
81.592,3735.2
81.642,3732
81.692,3728.8
81.742,3725.6
81.792,3722.4
81.842,3719.3
81.892,3716.1
81.942,3712.9
81.992,3709.7
82.042,3706.5
82.092,3703.4
82.142,3700.2
82.192,3697
82.242,3693.8
82.292,3690.7
82.342,3687.5
82.392,3684.3
82.442,3681.1
82.492,3678
82.542,3674.8
82.592,3671.6
82.642,3668.5
82.692,3665.3
82.742,3662.1
82.792,3658.9
82.842,3655.8
82.892,3652.6
82.942,3649.4
82.992,3646.3
83.042,3643.1
83.092,3639.9
83.142,3636.7
83.192,3633.6
83.242,3630.4
83.292,3627.2
83.342,3624
83.392,3620.9
83.442,3617.7
83.492,3614.5
83.542,3611.3
83.592,3608.1
83.642,3604.9
83.692,3601.8
83.742,3598.6
83.792,3595.4
83.842,3592.2
83.892,3589
83.942,3585.8
83.992,3582.6
84.042,3579.4
84.092,3576.2
84.142,3573
84.192,3569.9
84.242,3566.7
84.292,3563.5
84.342,3560.3
84.392,3557.1
84.442,3553.9
84.492,3550.7
84.542,3547.5
84.592,3544.3
84.642,3541.1
84.692,3537.9
84.742,3534.7
84.792,3531.5
84.842,3528.3
84.892,3525.1
84.942,3521.9
84.992,3518.7
85.042,3515.5
85.092,3512.3
85.142,3509.1
85.192,3505.9
85.242,3502.8
85.292,3499.6
85.342,3496.4
85.392,3493.2
85.442,3490
85.492,3486.8
85.542,3483.6
85.592,3480.4
85.642,3477.2
85.692,3474
85.742,3470.8
85.792,3467.6
85.842,3464.4
85.892,3461.2
85.942,3458.1
85.992,3454.9
86.042,3451.7
86.092,3448.5
86.142,3445.3
86.192,3442.1
86.242,3438.9
86.292,3435.7
86.342,3432.5
86.392,3429.3
86.442,3426.1
86.492,3422.9
86.542,3419.7
86.592,3416.5
86.642,3413.3
86.692,3410.1
86.742,3406.9
86.792,3403.7
86.842,3400.5
86.892,3397.3
86.942,3394
86.992,3390.8
87.042,3387.6
87.092,3384.4
87.142,3381.2
87.192,3378
87.242,3374.8
87.292,3371.5
87.342,3368.3
87.392,3365.1
87.442,3361.9
87.492,3358.7
87.542,3355.4
87.592,3352.2
87.642,3349
87.692,3345.7
87.742,3342.5
87.792,3339.3
87.842,3336
87.892,3332.8
87.942,3329.6
87.992,3326.3
88.042,3323.1
88.092,3319.9
88.142,3316.6
88.192,3313.4
88.242,3310.1
88.292,3306.9
88.342,3303.6
88.392,3300.4
88.442,3297.2
88.492,3293.9
88.542,3290.7
88.592,3287.4
88.642,3284.2
88.692,3281
88.742,3277.7
88.792,3274.5
88.842,3271.3
88.892,3268.1
88.942,3264.8
88.992,3261.6
89.042,3258.4
89.092,3255.2
89.142,3251.9
89.192,3248.7
89.242,3245.5
89.292,3242.3
89.342,3239.1
89.392,3235.9
89.442,3232.7
89.492,3229.5
89.542,3226.3
89.592,3223.1
89.642,3219.9
89.692,3216.7
89.742,3213.5
89.792,3210.3
89.842,3207.1
89.892,3203.9
89.942,3200.7
89.992,3197.5
90.042,3194.3
90.092,3191.1
90.142,3187.9
90.192,3184.7
90.242,3181.5
90.292,3178.2
90.342,3175
90.392,3171.8
90.442,3168.6
90.492,3165.4
90.542,3162.2
90.592,3159
90.642,3155.8
90.692,3152.6
90.742,3149.4
90.792,3146.2
90.842,3143
90.892,3139.8
90.942,3136.6
90.992,3133.4
91.042,3130.2
91.092,3126.9
91.142,3123.7
91.192,3120.5
91.242,3117.3
91.292,3114.1
91.342,3110.9
91.392,3107.7
91.442,3104.5
91.492,3101.3
91.542,3098.1
91.592,3094.9
91.642,3091.8
91.692,3088.6
91.742,3085.4
91.792,3082.2
91.842,3079
91.892,3075.8
91.942,3072.6
91.992,3069.4
92.042,3066.2
92.092,3063.1
92.142,3059.9
92.192,3056.7
92.242,3053.5
92.292,3050.3
92.342,3047.1
92.392,3043.9
92.442,3040.8
92.492,3037.6
92.542,3034.4
92.592,3031.2
92.642,3028
92.692,3024.8
92.742,3021.7
92.792,3018.5
92.842,3015.3
92.892,3012.1
92.942,3008.9
92.992,3005.7
93.042,3002.5
93.092,2999.3
93.142,2996.1
93.192,2992.9
93.242,2989.7
93.292,2986.5
93.342,2983.3
93.392,2980.1
93.442,2976.9
93.492,2973.7
93.542,2970.5
93.592,2967.3
93.642,2964.1
93.692,2960.9
93.742,2957.7
93.792,2954.5
93.842,2951.3
93.892,2948.1
93.942,2944.9
93.992,2941.7
94.042,2938.5
94.092,2935.3
94.142,2932.1
94.192,2928.9
94.242,2925.7
94.292,2922.5
94.342,2919.3
94.392,2916.1
94.442,2912.9
94.492,2909.7
94.542,2906.5
94.592,2903.3
94.642,2900.1
94.692,2896.8
94.742,2893.6
94.792,2890.4
94.842,2887.2
94.892,2884
94.942,2880.8
94.992,2877.6
95.042,2874.4
95.092,2871.2
95.142,2868
95.192,2864.8
95.242,2861.6
95.292,2858.4
95.342,2855.2
95.392,2852
95.442,2848.8
95.492,2845.6
95.542,2842.3
95.592,2839.1
95.642,2835.9
95.692,2832.7
95.742,2829.5
95.792,2826.3
95.842,2823.1
95.892,2819.9
95.942,2816.7
95.992,2813.4
96.042,2810.2
96.092,2807
96.142,2803.8
96.192,2800.6
96.242,2797.4
96.292,2794.2
96.342,2791
96.392,2787.8
96.442,2784.6
96.492,2781.4
96.542,2778.2
96.592,2775
96.642,2771.8
96.692,2768.6
96.742,2765.4
96.792,2762.2
96.842,2759
96.892,2755.8
96.942,2752.6
96.992,2749.4
97.042,2746.2
97.092,2743
97.142,2739.8
97.192,2736.6
97.242,2733.4
97.292,2730.2
97.342,2727.1
97.392,2723.9
97.442,2720.7
97.492,2717.5
97.542,2714.3
97.592,2711.1
97.642,2707.9
97.692,2704.7
97.742,2701.5
97.792,2698.3
97.842,2695.1
97.892,2691.9
97.942,2688.7
97.992,2685.5
98.042,2682.3
98.092,2679.1
98.142,2676
98.192,2672.8
98.242,2669.6
98.292,2666.4
98.342,2663.2
98.392,2660
98.442,2656.8
98.492,2653.6
98.542,2650.4
98.592,2647.2
98.642,2644
98.692,2640.8
98.742,2637.6
98.792,2634.4
98.842,2631.2
98.892,2628
98.942,2624.8
98.992,2621.6
99.042,2618.4
99.092,2615.3
99.142,2612.1
99.192,2608.9
99.242,2605.7
99.292,2602.5
99.342,2599.3
99.392,2596.1
99.442,2592.9
99.492,2589.7
99.542,2586.5
99.592,2583.4
99.642,2580.2
99.692,2577
99.742,2573.8
99.792,2570.6
99.842,2567.4
99.892,2564.2
99.942,2561.1
99.992,2557.9
100.04,2554.7
100.09,2551.5
100.14,2548.3
100.19,2545.1
100.24,2542
100.29,2538.8
100.34,2535.6
100.39,2532.4
100.44,2529.3
100.49,2526.1
100.54,2522.9
100.59,2519.7
100.64,2516.5
100.69,2513.4
100.74,2510.2
100.79,2507
100.84,2503.8
100.89,2500.7
100.94,2497.5
100.99,2494.3
101.04,2491.2
101.09,2488
101.14,2484.8
101.19,2481.7
101.24,2478.5
101.29,2475.4
101.34,2472.2
101.39,2469.1
101.44,2465.9
101.49,2462.8
101.54,2459.6
101.59,2456.5
101.64,2453.4
101.69,2450.2
101.74,2447.1
101.79,2444
101.84,2440.8
101.89,2437.7
101.94,2434.6
101.99,2431.5
102.04,2428.3
102.09,2425.2
102.14,2422.1
102.19,2419
102.24,2415.9
102.29,2412.8
102.34,2409.7
102.39,2406.6
102.44,2403.5
102.49,2400.4
102.54,2397.3
102.59,2394.2
102.64,2391.1
102.69,2387.9
102.74,2384.8
102.79,2381.7
102.84,2378.6
102.89,2375.5
102.94,2372.4
102.99,2369.3
103.04,2366.2
103.09,2363.1
103.14,2360
103.19,2356.9
103.24,2353.8
103.29,2350.7
103.34,2347.5
103.39,2344.4
103.44,2341.3
103.49,2338.2
103.54,2335.1
103.59,2332
103.64,2328.9
103.69,2325.8
103.74,2322.6
103.79,2319.5
103.84,2316.4
103.89,2313.3
103.94,2310.2
103.99,2307.1
104.04,2303.9
104.09,2300.8
104.14,2297.7
104.19,2294.6
104.24,2291.5
104.29,2288.4
104.34,2285.2
104.39,2282.1
104.44,2279
104.49,2275.9
104.54,2272.8
104.59,2269.6
104.64,2266.5
104.69,2263.4
104.74,2260.3
104.79,2257.1
104.84,2254
104.89,2250.9
104.94,2247.8
104.99,2244.6
105.04,2241.5
105.09,2238.4
105.14,2235.2
105.19,2232.1
105.24,2228.9
105.29,2225.8
105.34,2222.7
105.39,2219.5
105.44,2216.4
105.49,2213.2
105.54,2210.1
105.59,2206.9
105.64,2203.8
105.69,2200.6
105.74,2197.5
105.79,2194.3
105.84,2191.2
105.89,2188
105.94,2184.9
105.99,2181.7
106.04,2178.6
106.09,2175.5
106.14,2172.3
106.19,2169.2
106.24,2166
106.29,2162.9
106.34,2159.7
106.39,2156.6
106.44,2153.5
106.49,2150.3
106.54,2147.2
106.59,2144.1
106.64,2140.9
106.69,2137.8
106.74,2134.7
106.79,2131.5
106.84,2128.4
106.89,2125.3
106.94,2122.1
106.99,2119
107.04,2115.9
107.09,2112.8
107.14,2109.6
107.19,2106.5
107.24,2103.4
107.29,2100.2
107.34,2097.1
107.39,2094
107.44,2090.8
107.49,2087.7
107.54,2084.5
107.59,2081.4
107.64,2078.2
107.69,2075.1
107.74,2072
107.79,2068.8
107.84,2065.7
107.89,2062.5
107.94,2059.4
107.99,2056.2
108.04,2053.1
108.09,2049.9
108.14,2046.7
108.19,2043.6
108.24,2040.4
108.29,2037.3
108.34,2034.1
108.39,2031
108.44,2027.8
108.49,2024.7
108.54,2021.5
108.59,2018.4
108.64,2015.2
108.69,2012
108.74,2008.9
108.79,2005.8
108.84,2002.6
108.89,1999.5
108.94,1996.3
108.99,1993.2
109.04,1990
109.09,1986.9
109.14,1983.7
109.19,1980.6
109.24,1977.5
109.29,1974.3
109.34,1971.2
109.39,1968
109.44,1964.9
109.49,1961.8
109.54,1958.6
109.59,1955.5
109.64,1952.4
109.69,1949.2
109.74,1946.1
109.79,1943
109.84,1939.8
109.89,1936.7
109.94,1933.6
109.99,1930.4
110.04,1927.3
110.09,1924.2
110.14,1921.1
110.19,1917.9
110.24,1914.8
110.29,1911.7
110.34,1908.6
110.39,1905.4
110.44,1902.3
110.49,1899.2
110.54,1896.1
110.59,1893
110.64,1889.8
110.69,1886.7
110.74,1883.6
110.79,1880.5
110.84,1877.4
110.89,1874.2
110.94,1871.1
110.99,1868
111.04,1864.9
111.09,1861.8
111.14,1858.6
111.19,1855.5
111.24,1852.4
111.29,1849.3
111.34,1846.1
111.39,1843
111.44,1839.9
111.49,1836.8
111.54,1833.6
111.59,1830.5
111.64,1827.4
111.69,1824.3
111.74,1821.1
111.79,1818
111.84,1814.9
111.89,1811.7
111.94,1808.6
111.99,1805.5
112.04,1802.4
112.09,1799.3
112.14,1796.1
112.19,1793
112.24,1789.9
112.29,1786.8
112.34,1783.7
112.39,1780.5
112.44,1777.4
112.49,1774.3
112.54,1771.2
112.59,1768.1
112.64,1765
112.69,1761.9
112.74,1758.8
112.79,1755.7
112.84,1752.6
112.89,1749.4
112.94,1746.3
112.99,1743.2
113.04,1740.1
113.09,1737
113.14,1733.9
113.19,1730.8
113.24,1727.7
113.29,1724.6
113.34,1721.4
113.39,1718.3
113.44,1715.2
113.49,1712.1
113.54,1708.9
113.59,1705.8
113.64,1702.7
113.69,1699.6
113.74,1696.4
113.79,1693.3
113.84,1690.1
113.89,1687
113.94,1683.8
113.99,1680.7
114.04,1677.6
114.09,1674.4
114.14,1671.3
114.19,1668.1
114.24,1665
114.29,1661.8
114.34,1658.7
114.39,1655.5
114.44,1652.4
114.49,1649.2
114.54,1646.1
114.59,1642.9
114.64,1639.8
114.69,1636.6
114.74,1633.5
114.79,1630.3
114.84,1627.2
114.89,1624.1
114.94,1620.9
114.99,1617.8
115.04,1614.7
115.09,1611.5
115.14,1608.4
115.19,1605.3
115.24,1602.2
115.29,1599
115.34,1595.9
115.39,1592.8
115.44,1589.7
115.49,1586.5
115.54,1583.4
115.59,1580.3
115.64,1577.2
115.69,1574.1
115.74,1570.9
115.79,1567.8
115.84,1564.7
115.89,1561.6
115.94,1558.4
115.99,1555.3
116.04,1552.2
116.09,1549
116.14,1545.9
116.19,1542.8
116.24,1539.6
116.29,1536.5
116.34,1533.4
116.39,1530.2
116.44,1527.1
116.49,1524
116.54,1520.8
116.59,1517.7
116.64,1514.5
116.69,1511.4
116.74,1508.3
116.79,1505.1
116.84,1502
116.89,1498.8
116.94,1495.7
116.99,1492.6
117.04,1489.4
117.09,1486.3
117.14,1483.2
117.19,1480
117.24,1476.9
117.29,1473.8
117.34,1470.7
117.39,1467.5
117.44,1464.4
117.49,1461.3
117.54,1458.1
117.59,1455
117.64,1451.9
117.69,1448.8
117.74,1445.7
117.79,1442.5
117.84,1439.4
117.89,1436.3
117.94,1433.2
117.99,1430
118.04,1426.9
118.09,1423.8
118.14,1420.7
118.19,1417.5
118.24,1414.4
118.29,1411.3
118.34,1408.1
118.39,1405
118.44,1401.9
118.49,1398.7
118.54,1395.6
118.59,1392.5
118.64,1389.4
118.69,1386.2
118.74,1383.1
118.79,1380
118.84,1376.8
118.89,1373.7
118.94,1370.6
118.99,1367.4
119.04,1364.3
119.09,1361.2
119.14,1358.1
119.19,1354.9
119.24,1351.8
119.29,1348.7
119.34,1345.5
119.39,1342.4
119.44,1339.3
119.49,1336.2
119.54,1333.1
119.59,1329.9
119.64,1326.8
119.69,1323.7
119.74,1320.6
119.79,1317.5
119.84,1314.3
119.89,1311.2
119.94,1308.1
119.99,1305
120.04,1301.9
120.09,1298.7
120.14,1295.6
120.19,1292.5
120.24,1289.4
120.29,1286.3
120.34,1283.2
120.39,1280.1
120.44,1277
120.49,1273.8
120.54,1270.7
120.59,1267.6
120.64,1264.5
120.69,1261.4
120.74,1258.3
120.79,1255.2
120.84,1252.1
120.89,1249
120.94,1245.9
120.99,1242.8
121.04,1239.6
121.09,1236.5
121.14,1233.4
121.19,1230.3
121.24,1227.2
121.29,1224.1
121.34,1221
121.39,1217.9
121.44,1214.8
121.49,1211.7
121.54,1208.6
121.59,1205.5
121.64,1202.4
121.69,1199.3
121.74,1196.2
121.79,1193.1
121.84,1190
121.89,1186.9
121.94,1183.7
121.99,1180.6
122.04,1177.5
122.09,1174.4
122.14,1171.3
122.19,1168.2
122.24,1165.1
122.29,1162
122.34,1158.9
122.39,1155.9
122.44,1152.8
122.49,1149.7
122.54,1146.6
122.59,1143.5
122.64,1140.4
122.69,1137.3
122.74,1134.2
122.79,1131.1
122.84,1128.1
122.89,1125
122.94,1121.9
122.99,1118.8
123.04,1115.7
123.09,1112.7
123.14,1109.6
123.19,1106.5
123.24,1103.5
123.29,1100.4
123.34,1097.3
123.39,1094.3
123.44,1091.2
123.49,1088.1
123.54,1085.1
123.59,1082
123.64,1078.9
123.69,1075.9
123.74,1072.8
123.79,1069.7
123.84,1066.7
123.89,1063.6
123.94,1060.6
123.99,1057.5
124.04,1054.4
124.09,1051.4
124.14,1048.3
124.19,1045.2
124.24,1042.2
124.29,1039.1
124.34,1036
124.39,1033
124.44,1029.9
124.49,1026.8
124.54,1023.8
124.59,1020.7
124.64,1017.6
124.69,1014.5
124.74,1011.5
124.79,1008.4
124.84,1005.3
124.89,1002.2
124.94,999.17
124.99,996.1
125.04,993.02
125.09,989.95
125.14,986.88
125.19,983.8
125.24,980.73
125.29,977.65
125.34,974.58
125.39,971.5
125.44,968.43
125.49,965.35
125.54,962.28
125.59,959.2
125.64,956.13
125.69,953.05
125.74,949.97
125.79,946.9
125.84,943.82
125.89,940.74
125.94,937.66
125.99,934.58
126.04,931.5
126.09,928.42
126.14,925.34
126.19,922.26
126.24,919.18
126.29,916.1
126.34,913.01
126.39,909.93
126.44,906.84
126.49,903.75
126.54,900.66
126.59,897.57
126.64,894.48
126.69,891.39
126.74,888.3
126.79,885.2
126.84,882.11
126.89,879.01
126.94,875.92
126.99,872.82
127.04,869.72
127.09,866.63
127.14,863.53
127.19,860.43
127.24,857.33
127.29,854.23
127.34,851.13
127.39,848.03
127.44,844.94
127.49,841.84
127.54,838.74
127.59,835.64
127.64,832.55
127.69,829.45
127.74,826.36
127.79,823.26
127.84,820.17
127.89,817.08
127.94,813.99
127.99,810.9
128.04,807.81
128.09,804.72
128.14,801.63
128.19,798.55
128.24,795.46
128.29,792.38
128.34,789.3
128.39,786.22
128.44,783.13
128.49,780.05
128.54,776.97
128.59,773.89
128.64,770.81
128.69,767.73
128.74,764.65
128.79,761.56
128.84,758.48
128.89,755.39
128.94,752.31
128.99,749.22
129.04,746.13
129.09,743.04
129.14,739.95
129.19,736.85
129.24,733.76
129.29,730.66
129.34,727.56
129.39,724.46
129.44,721.35
129.49,718.25
129.54,715.14
129.59,712.03
129.64,708.93
129.69,705.82
129.74,702.71
129.79,699.6
129.84,696.49
129.89,693.38
129.94,690.27
129.99,687.16
130.04,684.05
130.09,680.94
130.14,677.83
130.19,674.73
130.24,671.62
130.29,668.52
130.34,665.41
130.39,662.31
130.44,659.21
130.49,656.11
130.54,653.02
130.59,649.92
130.64,646.83
130.69,643.74
130.74,640.64
130.79,637.56
130.84,634.47
130.89,631.38
130.94,628.29
130.99,625.21
131.04,622.12
131.09,619.04
131.14,615.95
131.19,612.87
131.24,609.79
131.29,606.7
131.34,603.62
131.39,600.53
131.44,597.45
131.49,594.36
131.54,591.28
131.59,588.19
131.64,585.11
131.69,582.02
131.74,578.93
131.79,575.84
131.84,572.76
131.89,569.67
131.94,566.58
131.99,563.49
132.04,560.4
132.09,557.32
132.14,554.23
132.19,551.14
132.24,548.05
132.29,544.97
132.34,541.88
132.39,538.8
132.44,535.72
132.49,532.63
132.54,529.55
132.59,526.47
132.64,523.39
132.69,520.31
132.74,517.23
132.79,514.15
132.84,511.08
132.89,508
132.94,504.92
132.99,501.85
133.04,498.77
133.09,495.69
133.14,492.61
133.19,489.54
133.24,486.46
133.29,483.38
133.34,480.3
133.39,477.22
133.44,474.14
133.49,471.06
133.54,467.98
133.59,464.9
133.64,461.82
133.69,458.73
133.74,455.65
133.79,452.56
133.84,449.48
133.89,446.39
133.94,443.31
133.99,440.22
134.04,437.14
134.09,434.05
134.14,430.97
134.19,427.89
134.24,424.81
134.29,421.73
134.34,418.65
134.39,415.57
134.44,412.49
134.49,409.42
134.54,406.34
134.59,403.27
134.64,400.2
134.69,397.13
134.74,394.07
134.79,391
134.84,387.94
134.89,384.88
134.94,381.82
134.99,378.76
135.04,375.7
135.09,372.64
135.14,369.59
135.19,366.54
135.24,363.48
135.29,360.43
135.34,357.38
135.39,354.33
135.44,351.28
135.49,348.23
135.54,345.18
135.59,342.13
135.64,339.08
135.69,336.03
135.74,332.98
135.79,329.93
135.84,326.88
135.89,323.83
135.94,320.78
135.99,317.73
136.04,314.68
136.09,311.62
136.14,308.57
136.19,305.51
136.24,302.45
136.29,299.4
136.34,296.34
136.39,293.27
136.44,290.21
136.49,287.15
136.54,284.08
136.59,281.01
136.64,277.94
136.69,274.87
136.74,271.8
136.79,268.73
136.84,265.65
136.89,262.58
136.94,259.5
136.99,256.43
137.04,253.35
137.09,250.27
137.14,247.19
137.19,244.11
137.24,241.03
137.29,237.95
137.34,234.87
137.39,231.79
137.44,228.72
137.49,225.64
137.54,222.56
137.59,219.48
137.64,216.41
137.69,213.34
137.74,210.26
137.79,207.19
137.84,204.12
137.89,201.05
137.94,197.99
137.99,194.92
138.04,191.86
138.09,188.8
138.14,185.74
138.19,182.68
138.24,179.62
138.29,176.57
138.34,173.51
138.39,170.46
138.44,167.41
138.49,164.36
138.54,161.31
138.59,158.26
138.64,155.22
138.69,152.17
138.74,149.12
138.79,146.07
138.84,143.03
138.89,139.98
138.94,136.93
138.99,133.88
139.04,130.83
139.09,127.77
139.14,124.72
139.19,121.66
139.24,118.61
139.29,115.55
139.34,112.49
139.39,109.43
139.44,106.36
139.49,103.3
139.54,100.23
139.59,97.164
139.64,94.095
139.69,91.025
139.74,87.954
139.79,84.882
139.84,81.81
139.89,78.737
139.94,75.664
139.99,72.592
140.04,69.519
140.09,66.447
140.14,63.376
140.19,60.305
140.24,57.236
140.29,54.168
140.34,51.102
140.39,48.037
140.44,44.975
140.49,41.914
140.54,38.856
140.59,35.8
140.64,32.746
140.69,29.695
140.74,26.646
140.79,23.6
140.84,20.557
140.89,17.516
140.94,14.478
140.99,11.442
141.04,8.4086
141.09,5.3775
141.14,2.3486
# Event GROUND_HIT occurred at t=141.19 seconds,
# Event SIMULATION_END occurred at t=141.19 seconds,
